{
   "Points" : [
      [ -38.048954010009766, 3.5000019073486328, 0.44098663330078125 ],
      [ 35.435272216796875, 3.5, -1.7040634155273438 ]
   ],
   "StageInfo" : {
      "Center" : [ 0, 0, 0 ],
      "StageSize" : [ 100, 100, 100 ]
   },
   "obs_info" : [
      {
         "isGround" : true,
         "material" : "default",
         "mesh" : "default",
         "position" : [ 0, 0, 0 ],
         "rotate" : [ 0, 0, 0 ],
         "scale" : [ 100, 1, 100 ],
         "texture" : "default"
      }
   ]
}
