{
   "Points" : [
      [ -38.048954010009766, 3.5000019073486328, 0.44098663330078125 ],
      [ 35.435272216796875, 3.5, -1.7040634155273438 ],
      [ -10.286033630371094, 3.5000076293945313, 24.138099670410156 ],
      [ 19.064445495605469, 3.5, 23.287025451660156 ],
      [ 22.442865371704102, 3.5000076293945313, -21.376956939697266 ],
      [ 1.8913917541503906, 3.5000076293945313, -25.724586486816406 ],
      [ -28.515193939208984, 3.4999923706054688, -28.182113647460938 ]
   ],
   "StageInfo" : {
      "Center" : [ 0, 0, 0 ],
      "StageSize" : [ 99, 99, 99 ]
   },
   "obs_info" : [
      {
         "isGround" : true,
         "material" : "default",
         "mesh" : "default",
         "position" : [ 0, 0, 0 ],
         "rotate" : [ 0, 0, 0 ],
         "scale" : [ 100, 1, 100 ],
         "texture" : "default"
      }
   ]
}
