{
   "Ambient" : [ 0.25098040699958801, 0.43137258291244507, 0.25098040699958801, 1 ],
   "Diffuse" : [ 0, 0.79215693473815918, 1, 1 ],
   "Emission" : [ 0, 0, 0, 1 ],
   "Shininess" : 80,
   "Specular" : [ 1, 1, 1, 1 ]
}
