{
   "Ambient" : [ 0.14509804546833038, 0.14509804546833038, 0.14509804546833038, 1 ],
   "Diffuse" : [ 0.22745099663734436, 1, 1, 1 ],
   "Emission" : [ 0, 0, 0, 1 ],
   "Shininess" : 80,
   "Specular" : [ 1, 1, 1, 1 ]
}
