{
   "Ambient" : [ 0.41960787773132324, 0.25490197539329529, 0, 1 ],
   "Diffuse" : [ 1, 0.60000002384185791, 0.28235295414924622, 1 ],
   "Emission" : [ 0, 0, 0, 1 ],
   "Shininess" : 80,
   "Specular" : [ 1, 1, 1, 1 ]
}
