{
   "Ambient" : [ 0.16078431904315948, 0.16078431904315948, 0.16078431904315948, 1 ],
   "Diffuse" : [ 1, 1, 0.55294120311737061, 1 ],
   "Emission" : [ 0, 0, 0, 1 ],
   "Shininess" : 80,
   "Specular" : [ 1, 1, 1, 1 ]
}
