{
   "Ambient" : [ 0, 0, 0, 1 ],
   "Diffuse" : [ 1, 0.74117648601531982, 0.28627452254295349, 1 ],
   "Emission" : [ 0, 0, 0, 1 ],
   "Shininess" : 80,
   "Specular" : [ 1, 1, 1, 1 ]
}
